<?xml version="1.0" encoding="utf-8" ?>
<languages>

  <language name="English" id="en">

    <searchpagetemplate>
      <suggestion>The suggestion is</suggestion>
      <peoplealsosearchedfor>People also searched for</peoplealsosearchedfor>
      <notconfigured>
        Check that serviceUrl and defaultIndex are correctly configured in web.config.
        &lt;br /&gt; &lt;a target='_blank' href='http://find.episerver.com'&gt;EPiServer Find Developer Service&lt;/a&gt;
        &lt;br /&gt; &lt;a target='_blank' href='http://www.episerver.com/orderfind'&gt;Order EPiServer Find&lt;/a&gt;
      </notconfigured>
    </searchpagetemplate>

  </language>

</languages>
